"Subaquatic Voyages - Deep-sea Site 7, Sea of Ash 2, Sea of Ash 3, Nald'thal's Pipe, The Isle of Sacrament","Subaquatic Voyages - Deep-sea Site (W), Sea of Ash (F/G/Q), Sea of Jade (A)",Abroader Otter
"Subaquatic Voyages - Deep-sea Site 3, The Umbrella Narrow, The Cobalt Shoals, Deep-sea Site 5, Deep-sea Site 6, The Upwell, Glutton's Belly, Sea of Jade 1, Anthemoessa Undertow","Subaquatic Voyages - Deep-sea Site (E/G/K/S/U/AA), Sea of Ash (S), Sea of Jade (C), Sirensong Sea (I)",Aurelia Polyp
"Subaquatic Voyages - The Devil's Crypt, Magos Trench, South Delphinium Seashelf","Subaquatic Voyages - Sea of Jade (T), Sirensong Sea (E), South Indigo Deep (Q)",Benben Stone
Subaquatic Voyages - Eastern Blackblood Wells,Subaquatic Voyages - The Northern Empty (A),Blindfold Eyepatch (Left/Right)
"Subaquatic Voyages - Thrall's Unrest, Anthemoessa Undertow, Drifter's Decay, The Forsaken Isle, Voyagers' Reprieve","Subaquatic Voyages - Sirensong Sea (F/I/N), The Lilac Sea (B), South Indigo Deep (B)",Blue Blossom Parasol
"Subaquatic Voyages - Sea of Jade 5, Mastbound's Bounty, Sirensong Sea 3, Bloodbreak","Subaquatic Voyages - Sea of Jade (O), Sirensong Sea (A/H/S)",By Design Orch. Roll
"Subaquatic Voyages - Anthemoessa, Seafarer's End, Drifter's Decay, The Lilac Sea 3, The Indigo Shallows, Saltfarer's Eye, South Indigo Deep 4","Subaquatic Voyages - Sirensong Sea (D/M/N), The Lilac Sea (H), South Indigo Deep (A/L/P)",Classic Spectacles
"Subaquatic Voyages - Startail Trench, The Sunken Jawbone","Subaquatic Voyages - South Indigo Deep (T), The Northern Empty (G)",Coffee Break Orch. Roll
"Subaquatic Voyages - The Crystal Font, Fortune's Ford","Subaquatic Voyages - Sirensong Sea (T), The Lilac Sea (C)",Dreams Aloft Orch. Roll
Subaquatic Voyages - The Sunken Jawbone,Subaquatic Voyages - The Northern Empty (G),Fall into Forever Orch. Roll
"Subaquatic Voyages - Wingsreach, West Dodie's Abyss",Subaquatic Voyages - The Lilac Sea (M/T),From Fear to Fortitude Orch. Roll
"Subaquatic Voyages - The Lilac Sea 2, Wingsreach",Subaquatic Voyages - The Lilac Sea (G/M),Goggle-eyed Dogu
"Subaquatic Voyages - Tangaroa's Prow, Sea of Jade 6",Subaquatic Voyages - Sea of Jade (G/S),Hard to Miss Orch. Roll
Subaquatic Voyages - Vyrstrant,Subaquatic Voyages - The Northern Empty (F),Hearts Tread and Trampled Orch. Roll
"Subaquatic Voyages - Startail Shallows, Startail Trench",Subaquatic Voyages - South Indigo Deep (M/T),In Dawn's Embrace Orch. Roll
"Subaquatic Voyages - The Lone Glove, Coldtoe Isle, The Open Robe, The Stone Barbs, Bladefall Chasm, Sirensong 1","Subaquatic Voyages - Sea of Ash (M/N/P), Sea of Jade (E/P), Sirensong Sea (B)",Meerkat
"Subaquatic Voyages - Cradle of the Winds, Eastern Blackblood Wells","Subaquatic Voyages - South Indigo Deep (S), The Northern Empty (A)",Mythril-edged Eyepatch (Left)
"Subaquatic Voyages - South Delphinium Seashelf, Eastern Blackblood Wells","Subaquatic Voyages - South Indigo Deep (Q), The Northern Empty (A)",Mythril-edged Eyepatch (Right)
"Subaquatic Voyages - The Indigo Shallows, Startail Shallows",Subaquatic Voyages - South Indigo Deep (A/M),Nature's Bounty Orch. Roll
"Subaquatic Voyages - Moergynn's Forge, Sea of Jade 6",Subaquatic Voyages - Sea of Jade (K/S),Nemesis Orch. Roll
"Subaquatic Voyages - The Floral Reef, East Dodie's Abyss",Subaquatic Voyages - The Lilac Sea (L/R),Pennons Aloft Orch. Roll
"Subaquatic Voyages - South Indigo Deep 4, Oeyaseik","Subaquatic Voyages - South Indigo Deep (P), The Northern Empty (D)",Petite Pince-nez
"Subaquatic Voyages - Rogo-Tumu-Here's Repose, Bladefall Chasm, Thrall's Unrest, South Indigo Deep 2","Subaquatic Voyages - Sea of Jade (F/P), Sirensong Sea (F), South Indigo Deep (G)",Plum Paper Parasol
"Subaquatic Voyages - Neolith Island, The Blue Hole, The Kraken's Tomb","Subaquatic Voyages - Deep-Sea Site (I), Sea of Ash (T), Sea of Jade (B)",Private Moai
"Subaquatic Voyages - The Southern Charnel Trench, The Central Charnel Trench, Sea of Ash 4, The Slipped Anchor, Sirensong Sea 3","Subaquatic Voyages - Sea of Ash (E/I/K/R), Sirensong Sea (H)",Sharksucker-class Insubmersible
"Subaquatic Voyages - The Open Robe, Rogo-Tumu-Here's Haunt, The Devil's Crypt, Sirensong 2, South Indigo Deep 3","Subaquatic Voyages - Sea of Ash (P), Sea of Jade (D/T), Sirensong Sea (C), South Indigo Deep (J)",Silver Dasher
"Subaquatic Voyages - The Central Blue, Southern Central Blue, South Delphinium Seashelf",Subaquatic Voyages - South Indigo Deep (F/I/Q),Spinettesaurus
"Subaquatic Voyages - East Dodie's Abyss, Rainbringer Rift, Saltfarer's Eye","Subaquatic Voyages - The Lilac Sea (R), South Indigo Deep (D/L)",Subterranean Drop Orch. Roll
"Subaquatic Voyages - Bloodbreak, The Lilac Sea 2, The Fluttering Bay","Subaquatic Voyages - Sirensong Sea (S), The Lilac Sea (G/O)",Suzusaurus
"Subaquatic Voyages - Sea of Jade 4, Wyrm's Rest, Seafoam Tide","Subaquatic Voyages - Sea of Jade (M/R), Sirensong Sea (K)",Syldrion-class Insubmersible
"Subaquatic Voyages - West Dodie's Abyss, South Indigo Deep 1, Startail Trench","Subaquatic Voyages - The Lilac Sea (T), South Indigo Deep (E/T)",Tinkerer's Treasure Trove Orch. Roll
"Subaquatic Voyages - Saltfarer's Eye, South Indigo Deep 4",Subaquatic Voyages - South Indigo Deep (L/P),Tinted Goggles
"Subaquatic Voyages - North Delphinium Seashelf, Talonspoint Depths",Subaquatic Voyages - South Indigo Deep (C/K),Toco Toquito